Workbook

Sheet Fault identification analysis 
B2: CodeBERT4JIT | N2: DeepJIT | Z2: Lapredict
C3: QT (181 faulty code changes) | G3: OS (163 faulty code changes) | N3: QT (181 faulty code changes) | S3: OS (163 faulty code changes) | Z3: QT (695 faulty code changes) | AE3: OS (875 faulty code changes)
B4: Baseline | N4: Baseline | Z4: Baseline
B5: Prio | C5: # investigated | D5: # faults identified | E5: ID rate | G5: Prio | H5: # investigated | I5: # faults identified | J5: ID rate | N5: Prio | O5: # investigated | P5: # faults identified | Q5: ID rate | S5: Prio | T5: # investigated | U5: # faults identified | V5: ID rate | Z5: Prio | AA5: # investigated | AB5: # faults identified | AC5: ID rate | AE5: Prio | AF5: # investigated | AG5: # faults identified | AH5: ID rate
B6: 1 | C6: =CodeBERT4JIT!K4 -> 93 | D6: =CodeBERT4JIT!L4 -> 29 | E6: =D6/C6 -> 0.31182796 | G6: 1 | H6: =CodeBERT4JIT!Z4 -> 90 | I6: =CodeBERT4JIT!AA4 -> 33 | J6: =I6/H6 -> 0.36666667 | N6: 1 | O6: =DeepJIT!K4 -> 785 | P6: =DeepJIT!L4 -> 124 | Q6: =P6/O6 -> 0.15796178 | S6: 1 | T6: =DeepJIT!Z4 -> 667.3 | U6: =DeepJIT!AA4 -> 138.04 | V6: =U6/T6 -> 0.20686348 | Z6: 1 | AA6: =LApredict!K3 -> 50 | AB6: =LApredict!L3 -> 25 | AC6: =AB6/AA6 -> 0.5 | AE6: 1 | AF6: =LApredict!Z3 -> 372 | AG6: =LApredict!AA3 -> 201 | AH6: =AG6/AF6 -> 0.54032258
B7: 2 | C7: =CodeBERT4JIT!K5 -> 2478 | D7: =CodeBERT4JIT!L5 -> 152 | E7: =D7/C7 -> 0.06133979 | G7: 2 | H7: =CodeBERT4JIT!Z5 -> 1241 | I7: =CodeBERT4JIT!AA5 -> 130 | J7: =I7/H7 -> 0.10475423 | N7: 2 | O7: =DeepJIT!K5 -> 1786 | P7: =DeepJIT!L5 -> 59 | Q7: =P7/O7 -> 0.033034714 | S7: 2 | T7: =DeepJIT!Z5 -> 663.7 | U7: =DeepJIT!AA5 -> 24.95 | V7: =U7/T7 -> 0.037592286 | Z7: 2 | AA7: =LApredict!K4 -> 4733 | AB7: =LApredict!L4 -> 670 | AC7: =AB7/AA7 -> 0.14155926 | AE7: 2 | AF7: =LApredict!Z4 -> 4180 | AG7: =LApredict!AA4 -> 674 | AH7: =AG7/AF7 -> 0.16124402
B8: Total | C8: =C6+C7 -> 2571 | D8: =D6+D7 -> 181 | E8: =D8/C8 -> 0.070400622 | G8: Total | H8: =H6+H7 -> 1331 | I8: =I6+I7 -> 163 | J8: =I8/H8 -> 0.12246431 | N8: Total | O8: =O6+O7 -> 2571 | P8: =P6+P7 -> 183 | Q8: =P8/O8 -> 0.07117853 | S8: Total | T8: =T6+T7 -> 1331 | U8: =U6+U7 -> 162.99 | V8: =U8/T8 -> 0.1224568 | Z8: Total | AA8: =AA6+AA7 -> 4783 | AB8: =AB6+AB7 -> 695 | AC8: =AB8/AA8 -> 0.14530629 | AE8: Total | AF8: =AF6+AF7 -> 4552 | AG8: =AG6+AG7 -> 875 | AH8: =AG8/AF8 -> 0.1922232
B9: CPa with 0.95 certainty | N9: CPa with 0.95 certainty | Z9: CPa with 0.95 certainty
B10: Prio | C10: # investigated | D10: # faults identified | G10: Prio | H10: # investigated | I10: # faults identified | N10: Prio | O10: # investigated | P10: # faults identified | S10: Prio | T10: # investigated | U10: # faults identified | Z10: Prio | AA10: # investigated | AB10: # faults identified | AE10: Prio | AF10: # investigated | AG10: # faults identified
B11: 1 | C11: =CodeBERT4JIT!K10 -> 23.14 | D11: =CodeBERT4JIT!L10 -> 10.14 | E11: =D11/C11 -> 0.43820225 | G11: 1 | H11: =CodeBERT4JIT!Z10 -> 12 | I11: =CodeBERT4JIT!AA10 -> 6 | J11: =I11/H11 -> 0.5 | N11: 1 | O11: =DeepJIT!K8 -> 163 | P11: =DeepJIT!L8 -> 43 | Q11: =P11/O11 -> 0.26380368 | S11: 1 | T11: =DeepJIT!Z8 -> 103 | U11: =DeepJIT!AA8 -> 27 | V11: =U11/T11 -> 0.26213592 | Z11: 1 | AA11: =LApredict!K8 -> 3 | AB11: =LApredict!L8 -> 1 | AC11: =AB11/AA11 -> 0.33333333 | AE11: 1 | AF11: =LApredict!Z8 -> 41 | AG11: =LApredict!AA8 -> 33 | AH11: =AG11/AF11 -> 0.80487805
B12: 2 | C12: =CodeBERT4JIT!K16 -> 301.86 | D12: =CodeBERT4JIT!L16 -> 64.86 | E12: =D12/C12 -> 0.21486782 | G12: 2 | H12: =CodeBERT4JIT!Z16 -> 364 | I12: =CodeBERT4JIT!AA16 -> 95 | J12: =I12/H12 -> 0.26098901 | N12: 2 | O12: =DeepJIT!K14 -> 1880 | P12: =DeepJIT!L14 -> 134 | Q12: =P12/O12 -> 0.071276596 | S12: 2 | T12: =DeepJIT!Z14 -> 946.51 | U12: =DeepJIT!AA14 -> 131.5 | V12: =U12/T12 -> 0.13893144 | Z12: 2 | AA12: =LApredict!K14 -> 2077 | AB12: =LApredict!L14 -> 445 | AC12: =AB12/AA12 -> 0.21425132 | AE12: 2 | AF12: =LApredict!Z14 -> 2740 | AG12: =LApredict!AA14 -> 692 | AH12: =AG12/AF12 -> 0.25255474
B13: Total | C13: =C11+C12 -> 325 | D13: =D11+D12 -> 75 | E13: =D13/C13 -> 0.23076923 | G13: Total | H13: =H11+H12 -> 376 | I13: =I11+I12 -> 101 | J13: =I13/H13 -> 0.26861702 | N13: Total | O13: =O11+O12 -> 2043 | P13: =P11+P12 -> 177 | Q13: =P13/O13 -> 0.086637298 | S13: Total | T13: =T11+T12 -> 1049.51 | U13: =U11+U12 -> 158.5 | V13: =U13/T13 -> 0.15102286 | Z13: Total | AA13: =AA11+AA12 -> 2080 | AB13: =AB11+AB12 -> 446 | AC13: =AB13/AA13 -> 0.21442308 | AE13: Total | AF13: =AF11+AF12 -> 2781 | AG13: =AG11+AG12 -> 725 | AH13: =AG13/AF13 -> 0.26069759
B14: CPa with 0.90 certainty | N14: CPa with 0.90 certainty | Z14: CPa with 0.90 certainty
B15: Prio | C15: # investigated | D15: # faults identified | G15: Prio | H15: # investigated | I15: # faults identified | N15: Prio | O15: # investigated | P15: # faults identified | S15: Prio | T15: # investigated | U15: # faults identified | Z15: Prio | AA15: # investigated | AB15: # faults identified | AE15: Prio | AF15: # investigated | AG15: # faults identified
B16: 1 | C16: =CodeBERT4JIT!K11 -> 66.18 | D16: =CodeBERT4JIT!L11 -> 21.18 | E16: =D16/C16 -> 0.32003626 | G16: 1 | H16: =CodeBERT4JIT!Z11 -> 36 | I16: =CodeBERT4JIT!AA11 -> 15 | J16: =I16/H16 -> 0.41666667 | N16: 1 | O16: =DeepJIT!K9 -> 312 | P16: =DeepJIT!L9 -> 72 | Q16: =P16/O16 -> 0.23076923 | S16: 1 | T16: =DeepJIT!Z9 -> 187 | U16: =DeepJIT!AA9 -> 51 | V16: =U16/T16 -> 0.27272727 | Z16: 1 | AA16: =LApredict!K9 -> 10 | AB16: =LApredict!L9 -> 5 | AC16: =AB16/AA16 -> 0.5 | AE16: 1 | AF16: =LApredict!Z9 -> 74 | AG16: =LApredict!AA9 -> 52 | AH16: =AG16/AF16 -> 0.7027027
B17: 2 | C17: =CodeBERT4JIT!K17 -> 65.82 | D17: =CodeBERT4JIT!L17 -> 19.82 | E17: =D17/C17 -> 0.30112428 | G17: 2 | H17: =CodeBERT4JIT!Z17 -> 104 | I17: =CodeBERT4JIT!AA17 -> 33 | J17: =I17/H17 -> 0.31730769 | N17: 2 | O17: =DeepJIT!K15 -> 1227.34 | P17: =DeepJIT!L15 -> 90.34 | Q17: =P17/O17 -> 0.073606336 | S17: 2 | T17: =DeepJIT!Z15 -> 715.51 | U17: =DeepJIT!AA15 -> 103.5 | V17: =U17/T17 -> 0.14465207 | Z17: 2 | AA17: =LApredict!K15 -> 734 | AB17: =LApredict!L15 -> 204 | AC17: =AB17/AA17 -> 0.27792916 | AE17: 2 | AF17: =LApredict!Z15 -> 1780 | AG17: =LApredict!AA15 -> 540 | AH17: =AG17/AF17 -> 0.30337079
B18: Total | C18: =C16+C17 -> 132 | D18: =D16+D17 -> 41 | E18: =D18/C18 -> 0.31060606 | G18: Total | H18: =H16+H17 -> 140 | I18: =I16+I17 -> 48 | J18: =I18/H18 -> 0.34285714 | N18: Total | O18: =O16+O17 -> 1539.34 | P18: =P16+P17 -> 162.34 | Q18: =P18/O18 -> 0.10546078 | S18: Total | T18: =T16+T17 -> 902.51 | U18: =U16+U17 -> 154.5 | V18: =U18/T18 -> 0.17118924 | Z18: Total | AA18: =AA16+AA17 -> 744 | AB18: =AB16+AB17 -> 209 | AC18: =AB18/AA18 -> 0.28091398 | AE18: Total | AF18: =AF16+AF17 -> 1854 | AG18: =AG16+AG17 -> 592 | AH18: =AG18/AF18 -> 0.3193096
B19: CPa with 0.85 certainty | N19: CPa with 0.85 certainty | Z19: CPa with 0.85 certainty
B20: Prio | C20: # investigated | D20: # faults identified | G20: Prio | H20: # investigated | I20: # faults identified | N20: Prio | O20: # investigated | P20: # faults identified | S20: Prio | T20: # investigated | U20: # faults identified | Z20: Prio | AA20: # investigated | AB20: # faults identified | AE20: Prio | AF20: # investigated | AG20: # faults identified
B21: 1 | C21: =CodeBERT4JIT!K12 -> 29.33 | D21: =CodeBERT4JIT!L12 -> 11.33 | E21: =D21/C21 -> 0.3862939 | G21: 1 | H21: =CodeBERT4JIT!Z12 -> 68 | I21: =CodeBERT4JIT!AA12 -> 25 | J21: =I21/H21 -> 0.36764706 | N21: 1 | O21: =DeepJIT!K10 -> 463 | P21: =DeepJIT!L10 -> 96 | Q21: =P21/O21 -> 0.20734341 | S21: 1 | T21: =DeepJIT!Z10 -> 284 | U21: =DeepJIT!AA10 -> 73 | V21: =U21/T21 -> 0.25704225 | Z21: 1 | AA21: =LApredict!K10 -> 27 | AB21: =LApredict!L10 -> 15 | AC21: =AB21/AA21 -> 0.55555556 | AE21: 1 | AF21: =LApredict!Z10 -> 136 | AG21: =LApredict!AA10 -> 92 | AH21: =AG21/AF21 -> 0.67647059
B22: 2 | C22: =CodeBERT4JIT!K18 -> 257.67 | D22: =CodeBERT4JIT!L18 -> 58.67 | E22: =D22/C22 -> 0.22769434 | G22: 2 | H22: =CodeBERT4JIT!Z18 -> 33 | I22: =CodeBERT4JIT!AA18 -> 9 | J22: =I22/H22 -> 0.27272727 | N22: 2 | O22: =DeepJIT!K16 -> 761 | P22: =DeepJIT!L16 -> 50 | Q22: =P22/O22 -> 0.065703022 | S22: 2 | T22: =DeepJIT!Z16 -> 601 | U22: =DeepJIT!AA16 -> 81.99 | V22: =U22/T22 -> 0.13642263 | Z22: 2 | AA22: =LApredict!K16 -> 85 | AB22: =LApredict!L16 -> 28 | AC22: =AB22/AA22 -> 0.32941176 | AE22: 2 | AF22: =LApredict!Z16 -> 1023 | AG22: =LApredict!AA16 -> 348 | AH22: =AG22/AF22 -> 0.34017595
B23: Total | C23: =C21+C22 -> 287 | D23: =D21+D22 -> 70 | E23: =D23/C23 -> 0.24390244 | G23: Total | H23: =H21+H22 -> 101 | I23: =I21+I22 -> 34 | J23: =I23/H23 -> 0.33663366 | N23: Total | O23: =O21+O22 -> 1224 | P23: =P21+P22 -> 146 | Q23: =P23/O23 -> 0.11928105 | S23: Total | T23: =T21+T22 -> 885 | U23: =U21+U22 -> 154.99 | V23: =U23/T23 -> 0.17512994 | Z23: Total | AA23: =AA21+AA22 -> 112 | AB23: =AB21+AB22 -> 43 | AC23: =AB23/AA23 -> 0.38392857 | AE23: Total | AF23: =AF21+AF22 -> 1159 | AG23: =AG21+AG22 -> 440 | AH23: =AG23/AF23 -> 0.37963762
A27: Approach Explanation: | C27: The baseline represents the use of the CL-FP models without Cpa. For this scenario, we assume practitioners prioritize (prio 1) all Fault-prone predictions, and then, if enough resources available, they might investigate the (Clean) rest of the predictions (prio 2)
C28: The CPa represents the use of CL-FP models with CPa. For this scenarios, as priority 1 (prio 1) practitioners focus on the investigation of the Fault-prone predictions that were flagged by Cpa as potentially correct. Then, if enough resources available, they investigate all the predictions flagged as uncertain (prio 2)
A30: Variables: | C30: #investigated: represents the number of CL-FP predictions that undergo further inspection (manual/ testing)
C31: # faults identified: represents the number of faults that would have been identified by investigating the selected CL-FP predictions
C32: ID rate: represents the identification rate, computed as the rate of #faults identified over the #investigated predictions
C33: The left side of the table shows the results on the QT dataset, while the right side shows the results on the Openstack dataset
A35: Results: | C35: the use of Cpa leads to higher identification rate: more faults identified per investigated predictions. This means that CPa offers an effective way to prioritize predictions.
C36: In absolute numbers, when using Cpa to prioritize predictions, in prio 1- less predictions undergo investigations, and fewer faults are identified. As we lower the expected certainty level, CPa enables the identification of more faults (in absolute number) but the number of predictions that undergo investigation also increases.
C37: Regarding the predictions in Prio 2 - for most of the cases, when using Cpa less predictions undergo investigation, however this pattern is not consistent in the experiments with DeepJIT.

Sheet CodeBERT4JIT
B1: QT | Q1: Openstack
B2: Confusion Matrix of the predictions of the CL-FP model when categorizing commits as Clean/Fault-prone | K2: Analysis of faults that would have been identified if only the Fault-prone predictions had been investigated
B3: TP | C3: TN | D3: FP | E3: FN | F3: TOT | I3: TP&TN | K3: Prio 1 (predicted as fault-prone) | L3: Identified faults | M3: ID rate | Q3: TP | R3: TN | S3: FP | T3: FN | U3: TOT | X3: TP&TN | Z3: Prio 1 (predicted as fault-prone) | AA3: Identified faults | AB3: ID rate
A4: CodeBERT | B4: 29 | C4: 2326 | D4: 64 | E4: 152 | F4: =SUM(B4:E4) -> 2571 | I4: =SUM(B4:C4) -> 2355 | K4: =B4+D4 -> 93 | L4: =B4 -> 29 | M4: =L4/K4 -> 0.31182796 | Q4: 33 | R4: 1111 | S4: 57 | T4: 130 | U4: =SUM(Q4:T4) -> 1331 | X4: =SUM(Q4:R4) -> 1144 | Z4: =Q4+S4 -> 90 | AA4: =Q4 -> 33 | AB4: =AA4/Z4 -> 0.36666667
K5: =C4+E4 -> 2478 | L5: =E4 -> 152 | M5: =L5/K5 -> 0.06133979 | Z5: =R4+T4 -> 1241 | AA5: =T4 -> 130 | AB5: =AA5/Z5 -> 0.10475423
B6: Confusion Matrix of the CP model when flagging CL-FP predictions as Potentially correct/uncertain | K6: Analysis of faults that would have been identified if predictions were prioritized based on their uncertainty and then analyszed: prio 1: Fault-prone predictions flagged as potentially correct prio2: all predictions flagged as uncertain
B8: Flagged as potentially correct | F8: TOT flagged | G8: rate flagged % | H8: Precision | I8: TP&TN | J8: Recall | K8: Priority 1 (Predicted as fault-prone & flagged as potentially correct) | L8: Identified faults | Q8: Flagged as potentially correct | U8: TOT flagged | V8: rate flagged % | W8: Precision | X8: TP&TN | Y8: Recall | Z8: Priority 1 (Predicted as fault-prone & flagged as potentially correct)
A9: α (size=1) | K9: #Investigated | L9: #Identified faults | M9: ID rate | Z9: #Investigated | AA9: #Identified faults | AB9: ID rate
A10: 0.05 | B10: 10.14 | C10: 2140 | D10: 13 | E10: 106 | F10: =SUM(B10:E10) -> 2269.14 | G10: =F10/F4 -> 0.88259043 | H10: =I10/F10 -> 0.94755722 | I10: =SUM(B10:C10) -> 2150.14 | J10: =I10/I4 -> 0.91301062 | K10: =B10+D10 -> 23.14 | L10: =B10 -> 10.14 | M10: =L10/K10 -> 0.43820225 | Q10: 6 | R10: 893 | S10: 6 | T10: 62 | U10: =SUM(Q10:T10) -> 967 | V10: =U10/U4 -> 0.72652141 | W10: =X10/U10 -> 0.92967942 | X10: =SUM(Q10:R10) -> 899 | Y10: =X10/X4 -> 0.78583916 | Z10: =Q10+S10 -> 12 | AA10: =Q10 -> 6 | AB10: =AA10/Z10 -> 0.5
A11: 0.1 | B11: 21.18 | C11: 2299 | D11: 45 | E11: 140 | F11: =SUM(B11:E11) -> 2505.18 | G11: =F11/F4 -> 0.97439907 | H11: =I11/F11 -> 0.92615301 | I11: =SUM(B11:C11) -> 2320.18 | J11: =I11/I4 -> 0.98521444 | K11: =B11+D11 -> 66.18 | L11: =B11 -> 21.18 | M11: =L11/K11 -> 0.32003626 | Q11: 15 | R11: 1076 | S11: 21 | T11: 115 | U11: =SUM(Q11:T11) -> 1227 | V11: =U11/U4 -> 0.92186326 | W11: =X11/U11 -> 0.88916055 | X11: =SUM(Q11:R11) -> 1091 | Y11: =X11/X4 -> 0.95367133 | Z11: =Q11+S11 -> 36 | AA11: =Q11 -> 15 | AB11: =AA11/Z11 -> 0.41666667
A12: 0.15 | B12: 11.33 | C12: 2173 | D12: 18 | E12: 111 | F12: =SUM(B12:E12) -> 2313.33 | G12: =F12/F4 -> 0.8997783 | H12: =I12/F12 -> 0.94423623 | I12: =SUM(B12:C12) -> 2184.33 | J12: =I12/I4 -> 0.92752866 | K12: =B12+D12 -> 29.33 | L12: =B12 -> 11.33 | M12: =L12/K12 -> 0.3862939 | Q12: 25 | R12: 1101 | S12: 43 | T12: 129 | U12: =SUM(Q12:T12) -> 1298 | V12: =U12/U4 -> 0.97520661 | W12: =X12/U12 -> 0.86748844 | X12: =SUM(Q12:R12) -> 1126 | Y12: =X12/X4 -> 0.98426573 | Z12: =Q12+S12 -> 68 | AA12: =Q12 -> 25 | AB12: =AA12/Z12 -> 0.36764706
I13: FP&FN | X13: FP&FN
B14: Flagged as uncertain | I14: =SUM(D4:E4) -> 216 | K14: Priority 2 (flagged as uncertain) | Q14: Flagged as uncertain | X14: =SUM(S4:T4) -> 187 | Z14: Priority 2 (flagged as uncertain)
K15: #Investigated | L15: #Identified faults | M15: ID rate | N15: Tot investigated | O15: Tot identified faults | Z15: #Investigated | AA15: #Identified faults | AB15: ID rate | AC15: Tot investigated | AD15: Tot identified faults
A16: 0.05 | B16: =B4-B10 -> 18.86 | C16: =C4-C10 -> 186 | D16: =D4-D10 -> 51 | E16: =E4-E10 -> 46 | F16: =SUM(B16:E16) -> 301.86 | G16: =F16/F4 -> 0.11740957 | H16: =I16/F16 -> 0.32134102 | I16: =SUM(D16:E16) -> 97 | J16: =I16/I14 -> 0.44907407 | K16: =SUM(B16:E16) -> 301.86 | L16: =B16+E16 -> 64.86 | M16: =L16/K16 -> 0.21486782 | N16: =K10+K16 -> 325 | O16: =L10+L16 -> 75 | Q16: =Q4-Q10 -> 27 | R16: =R4-R10 -> 218 | S16: =S4-S10 -> 51 | T16: =T4-T10 -> 68 | U16: =SUM(Q16:T16) -> 364 | V16: =U16/U4 -> 0.27347859 | W16: =X16/U16 -> 0.32692308 | X16: =SUM(S16:T16) -> 119 | Y16: =X16/X14 -> 0.63636364 | Z16: =SUM(Q16:T16) -> 364 | AA16: =Q16+T16 -> 95 | AB16: =AA16/Z16 -> 0.26098901 | AC16: =Z10+Z16 -> 376 | AD16: =AA10+AA16 -> 101
A17: 0.1 | B17: =B4-B11 -> 7.82 | C17: =C4-C11 -> 27 | D17: =D4-D11 -> 19 | E17: =E4-E11 -> 12 | F17: =SUM(B17:E17) -> 65.82 | G17: =F17/F4 -> 0.025600933 | H17: =I17/F17 -> 0.47098146 | I17: =SUM(D17:E17) -> 31 | J17: =I17/I14 -> 0.14351852 | K17: =SUM(B17:E17) -> 65.82 | L17: =B17+E17 -> 19.82 | M17: =L17/K17 -> 0.30112428 | N17: =K11+K17 -> 132 | O17: =L11+L17 -> 41 | Q17: =Q4-Q11 -> 18 | R17: =R4-R11 -> 35 | S17: =S4-S11 -> 36 | T17: =T4-T11 -> 15 | U17: =SUM(Q17:T17) -> 104 | V17: =U17/U4 -> 0.078136739 | W17: =X17/U17 -> 0.49038462 | X17: =SUM(S17:T17) -> 51 | Y17: =X17/X14 -> 0.27272727 | Z17: =SUM(Q17:T17) -> 104 | AA17: =Q17+T17 -> 33 | AB17: =AA17/Z17 -> 0.31730769 | AC17: =Z11+Z17 -> 140 | AD17: =AA11+AA17 -> 48
A18: 0.15 | B18: =B4-B12 -> 17.67 | C18: =C4-C12 -> 153 | D18: =D4-D12 -> 46 | E18: =E4-E12 -> 41 | F18: =SUM(B18:E18) -> 257.67 | G18: =F18/F4 -> 0.1002217 | H18: =I18/F18 -> 0.33764117 | I18: =SUM(D18:E18) -> 87 | J18: =I18/I14 -> 0.40277778 | K18: =SUM(B18:E18) -> 257.67 | L18: =B18+E18 -> 58.67 | M18: =L18/K18 -> 0.22769434 | N18: =K12+K18 -> 287 | O18: =L12+L18 -> 70 | Q18: =Q4-Q12 -> 8 | R18: =R4-R12 -> 10 | S18: =S4-S12 -> 14 | T18: =T4-T12 -> 1 | U18: =SUM(Q18:T18) -> 33 | V18: =U18/U4 -> 0.024793388 | W18: =X18/U18 -> 0.45454545 | X18: =SUM(S18:T18) -> 15 | Y18: =X18/X14 -> 0.080213904 | Z18: =SUM(Q18:T18) -> 33 | AA18: =Q18+T18 -> 9 | AB18: =AA18/Z18 -> 0.27272727 | AC18: =Z12+Z18 -> 101 | AD18: =AA12+AA18 -> 34

Sheet LApredict
B1: QT | Q1: Openstack
B2: TP | C2: TN | D2: FP | E2: FN | F2: TOT | I2: TP & TN | K2: Prio 1 (predicted as fault-prone) | L2: Identified faults | M2: ID rate | Q2: TP | R2: TN | S2: FP | T2: FN | U2: TOT | X2: TP & TN | Z2: Prio 1 (predicted as fault-prone) | AA2: Identified faults | AB2: ID rate
A3: LApredict | B3: 25 | C3: 4063 | D3: 25 | E3: 670 | F3: =SUM(B3:E3) -> 4783 | I3: =SUM(B3:C3) -> 4088 | K3: =B3+D3 -> 50 | L3: =B3 -> 25 | M3: =L3/K3 -> 0.5 | Q3: 201 | R3: 3506 | S3: 171 | T3: 674 | U3: =SUM(Q3:T3) -> 4552 | X3: =SUM(Q3:R3) -> 3707 | Z3: =Q3+S3 -> 372 | AA3: =Q3 -> 201 | AB3: =AA3/Z3 -> 0.54032258
K4: =C3+E3 -> 4733 | L4: =E3 -> 670 | M4: =L4/K4 -> 0.14155926 | Z4: =R3+T3 -> 4180 | AA4: =T3 -> 674 | AB4: =AA4/Z4 -> 0.16124402
B6: Flagged as potentially correct | F6: TOT flagged | G6: rate flagged % | H6: Precision | I6: TP&TN | J6: Recall | K6: Priority 1 (Predicted as fault-prone & flagged as potentially correct) | Q6: Flagged as potentially correct | U6: TOT flagged | V6: rate flagged % | W6: Precision | X6: TP&TN | Y6: Recall | Z6: Priority 1 (Predicted as fault-prone & flagged as potentially correct)
A7: α (size=1) | K7: #Investigated | L7: #Identified faults | M7: ID rate | Z7: #Investigated | AA7: #Identified faults | AB7: ID rate
A8: 0.05 | B8: 1 | C8: 2454 | D8: 2 | E8: 249 | F8: =SUM(B8:E8) -> 2706 | G8: =F8/F3 -> 0.56575371 | H8: =I8/F8 -> 0.90724316 | I8: =SUM(B8:C8) -> 2455 | J8: =I8/I3 -> 0.60053816 | K8: =B8+D8 -> 3 | L8: =B8 -> 1 | M8: =L8/K8 -> 0.33333333 | Q8: 33 | R8: 1621 | S8: 8 | T8: 150 | U8: =SUM(Q8:T8) -> 1812 | V8: =U8/U3 -> 0.39806678 | W8: =X8/U8 -> 0.91280353 | X8: =SUM(Q8:R8) -> 1654 | Y8: =X8/X3 -> 0.4461829 | Z8: =Q8+S8 -> 41 | AA8: =Q8 -> 33 | AB8: =AA8/Z8 -> 0.80487805
A9: 0.1 | B9: 5 | C9: 3553 | D9: 5 | E9: 486 | F9: =SUM(B9:E9) -> 4049 | G9: =F9/F3 -> 0.84653983 | H9: =I9/F9 -> 0.87873549 | I9: =SUM(B9:C9) -> 3558 | J9: =I9/I3 -> 0.87035225 | K9: =B9+D9 -> 10 | L9: =B9 -> 5 | M9: =L9/K9 -> 0.5 | Q9: 52 | R9: 2415 | S9: 22 | T9: 283 | U9: =SUM(Q9:T9) -> 2772 | V9: =U9/U3 -> 0.60896309 | W9: =X9/U9 -> 0.88997114 | X9: =SUM(Q9:R9) -> 2467 | Y9: =X9/X3 -> 0.66549771 | Z9: =Q9+S9 -> 74 | AA9: =Q9 -> 52 | AB9: =AA9/Z9 -> 0.7027027
A10: 0.15 | B10: 15 | C10: 4019 | D10: 12 | E10: 652 | F10: =SUM(B10:E10) -> 4698 | G10: =F10/F3 -> 0.98222873 | H10: =I10/F10 -> 0.85866326 | I10: =SUM(B10:C10) -> 4034 | J10: =I10/I3 -> 0.98679061 | K10: =B10+D10 -> 27 | L10: =B10 -> 15 | M10: =L10/K10 -> 0.55555556 | Q10: 92 | R10: 2958 | S10: 44 | T10: 435 | U10: =SUM(Q10:T10) -> 3529 | V10: =U10/U3 -> 0.77526362 | W10: =X10/U10 -> 0.8642675 | X10: =SUM(Q10:R10) -> 3050 | Y10: =X10/X3 -> 0.82276774 | Z10: =Q10+S10 -> 136 | AA10: =Q10 -> 92 | AB10: =AA10/Z10 -> 0.67647059
B12: Flagged as uncertain | I12: FP&FN | K12: Priority 2 (flagged as uncertain) | Q12: Flagged as uncertain | X12: FP&FN | Z12: Priority 2 (flagged as uncertain)
A13: α (size=0,2) | I13: =SUM(D3:E3) -> 695 | K13: #Investigated | L13: #Identified faults | M13: ID rate | N13: Tot investigated | O13: Tot identified faults | X13: =SUM(S3:T3) -> 845 | Z13: #Investigated | AA13: #Identified faults | AB13: ID rate | AC13: Tot investigated | AD13: Tot identified faults
A14: 0.05 | B14: =B3-B8 -> 24 | C14: =C3-C8 -> 1609 | D14: =D3-D8 -> 23 | E14: =E3-E8 -> 421 | F14: =SUM(B14:E14) -> 2077 | G14: =F14/F3 -> 0.43424629 | H14: =I14/F14 -> 0.21376986 | I14: =SUM(D14:E14) -> 444 | J14: =I14/I13 -> 0.63884892 | K14: =SUM(B14:E14) -> 2077 | L14: =B14+E14 -> 445 | M14: =L14/K14 -> 0.21425132 | N14: =K8+K14 -> 2080 | O14: =L8+L14 -> 446 | Q14: =Q3-Q8 -> 168 | R14: =R3-R8 -> 1885 | S14: =S3-S8 -> 163 | T14: =T3-T8 -> 524 | U14: =SUM(Q14:T14) -> 2740 | V14: =U14/U3 -> 0.60193322 | W14: =X14/U14 -> 0.25072993 | X14: =SUM(S14:T14) -> 687 | Y14: =X14/X13 -> 0.81301775 | Z14: =SUM(Q14:T14) -> 2740 | AA14: =Q14+T14 -> 692 | AB14: =AA14/Z14 -> 0.25255474 | AC14: =Z8+Z14 -> 2781 | AD14: =AA8+AA14 -> 725
A15: 0.1 | B15: =B3-B9 -> 20 | C15: =C3-C9 -> 510 | D15: =D3-D9 -> 20 | E15: =E3-E9 -> 184 | F15: =SUM(B15:E15) -> 734 | G15: =F15/F3 -> 0.15346017 | H15: =I15/F15 -> 0.27792916 | I15: =SUM(D15:E15) -> 204 | J15: =I15/I13 -> 0.29352518 | K15: =SUM(B15:E15) -> 734 | L15: =B15+E15 -> 204 | M15: =L15/K15 -> 0.27792916 | N15: =K9+K15 -> 744 | O15: =L9+L15 -> 209 | Q15: =Q3-Q9 -> 149 | R15: =R3-R9 -> 1091 | S15: =S3-S9 -> 149 | T15: =T3-T9 -> 391 | U15: =SUM(Q15:T15) -> 1780 | V15: =U15/U3 -> 0.39103691 | W15: =X15/U15 -> 0.30337079 | X15: =SUM(S15:T15) -> 540 | Y15: =X15/X13 -> 0.63905325 | Z15: =SUM(Q15:T15) -> 1780 | AA15: =Q15+T15 -> 540 | AB15: =AA15/Z15 -> 0.30337079 | AC15: =Z9+Z15 -> 1854 | AD15: =AA9+AA15 -> 592
A16: 0.15 | B16: =B3-B10 -> 10 | C16: =C3-C10 -> 44 | D16: =D3-D10 -> 13 | E16: =E3-E10 -> 18 | F16: =SUM(B16:E16) -> 85 | G16: =F16/F3 -> 0.017771273 | H16: =I16/F16 -> 0.36470588 | I16: =SUM(D16:E16) -> 31 | J16: =I16/I13 -> 0.044604317 | K16: =SUM(B16:E16) -> 85 | L16: =B16+E16 -> 28 | M16: =L16/K16 -> 0.32941176 | N16: =K10+K16 -> 112 | O16: =L10+L16 -> 43 | Q16: =Q3-Q10 -> 109 | R16: =R3-R10 -> 548 | S16: =S3-S10 -> 127 | T16: =T3-T10 -> 239 | U16: =SUM(Q16:T16) -> 1023 | V16: =U16/U3 -> 0.22473638 | W16: =X16/U16 -> 0.35777126 | X16: =SUM(S16:T16) -> 366 | Y16: =X16/X13 -> 0.43313609 | Z16: =SUM(Q16:T16) -> 1023 | AA16: =Q16+T16 -> 348 | AB16: =AA16/Z16 -> 0.34017595 | AC16: =Z10+Z16 -> 1159 | AD16: =AA10+AA16 -> 440

Sheet DeepJIT
B1: QT | Q1: Openstack
B2: TP | C2: TN | D2: FP | E2: FN | F2: TOT | I2: TP & TN | Q2: TP | R2: TN | S2: FP | T2: FN | U2: TOT | X2: TP & TN
A3: DeepJIT | B3: 124 | C3: 1727 | D3: 661 | E3: 59 | F3: =SUM(B3:E3) -> 2571 | I3: =SUM(B3:C3) -> 1851 | K3: Prio 1 (predicted as fault-prone) | L3: Identified faults | M3: ID rate | Q3: 138.04 | R3: 638.75 | S3: 529.26 | T3: 24.95 | U3: =SUM(Q3:T3) -> 1331 | X3: =SUM(Q3:R3) -> 776.79 | Z3: Prio 1 (predicted as fault-prone) | AA3: Identified faults | AB3: ID rate
K4: =B3+D3 -> 785 | L4: =B3 -> 124 | M4: =L4/K4 -> 0.15796178 | Z4: =Q3+S3 -> 667.3 | AA4: =Q3 -> 138.04 | AB4: =AA4/Z4 -> 0.20686348
K5: =C3+E3 -> 1786 | L5: =E3 -> 59 | M5: =L5/K5 -> 0.033034714 | Z5: =R3+T3 -> 663.7 | AA5: =T3 -> 24.95 | AB5: =AA5/Z5 -> 0.037592286
B6: Flagged as potentially correct | F6: TOT flagged | G6: rate flagged % | H6: Precision | I6: TP&TN | J6: Recall | K6: Priority 1 (Predicted as fault-prone & flagged as potentially correct) | Q6: Flagged as potentially correct | U6: TOT flagged | V6: rate flagged % | W6: Precision | X6: TP&TN | Y6: Recall | Z6: Priority 1 (Predicted as fault-prone & flagged as potentially correct)
A7: α (size=1) | K7: #Investigated | L7: #Identified faults | M7: ID rate | Z7: #Investigated | AA7: #Identified faults | AB7: ID rate
A8: 0.05 | B8: 43 | C8: 522 | D8: 120 | E8: 6 | F8: =SUM(B8:E8) -> 691 | G8: =F8/F3 -> 0.26876702 | H8: =I8/F8 -> 0.81765557 | I8: =SUM(B8:C8) -> 565 | J8: =I8/I3 -> 0.30524041 | K8: =B8+D8 -> 163 | L8: =B8 -> 43 | M8: =L8/K8 -> 0.26380368 | Q8: 27 | R8: 277 | S8: 76 | T8: 4.49 | U8: =SUM(Q8:T8) -> 384.49 | V8: =U8/U3 -> 0.28887303 | W8: =X8/U8 -> 0.79065775 | X8: =SUM(Q8:R8) -> 304 | Y8: =X8/777 -> 0.39124839 | Z8: =Q8+S8 -> 103 | AA8: =Q8 -> 27 | AB8: =AA8/Z8 -> 0.26213592
A9: 0.1 | B9: 72 | C9: 1011 | D9: 240 | E9: 20.66 | F9: =SUM(B9:E9) -> 1343.66 | G9: =F9/F3 -> 0.52262155 | H9: =I9/F9 -> 0.80600747 | I9: =SUM(B9:C9) -> 1083 | J9: =I9/I3 -> 0.58508914 | K9: =B9+D9 -> 312 | L9: =B9 -> 72 | M9: =L9/K9 -> 0.23076923 | Q9: 51 | R9: 420 | S9: 136 | T9: 8.49 | U9: =SUM(Q9:T9) -> 615.49 | V9: =U9/U3 -> 0.46242675 | W9: =X9/U9 -> 0.76524395 | X9: =SUM(Q9:R9) -> 471 | Y9: =X9/777 -> 0.60617761 | Z9: =Q9+S9 -> 187 | AA9: =Q9 -> 51 | AB9: =AA9/Z9 -> 0.27272727
A10: 0.15 | B10: 96 | C10: 1310 | D10: 367 | E10: 37 | F10: =SUM(B10:E10) -> 1810 | G10: =F10/F3 -> 0.70400622 | H10: =I10/F10 -> 0.77679558 | I10: =SUM(B10:C10) -> 1406 | J10: =I10/I3 -> 0.75958941 | K10: =B10+D10 -> 463 | L10: =B10 -> 96 | M10: =L10/K10 -> 0.20734341 | Q10: 73 | R10: 438 | S10: 211 | T10: 8 | U10: =SUM(Q10:T10) -> 730 | V10: =U10/U3 -> 0.5484598 | W10: =X10/U10 -> 0.7 | X10: =SUM(Q10:R10) -> 511 | Y10: =X10/777 -> 0.65765766 | Z10: =Q10+S10 -> 284 | AA10: =Q10 -> 73 | AB10: =AA10/Z10 -> 0.25704225
B12: Flagged as uncertain | K12: Priority 2 (flagged as uncertain) | Q12: Flagged as uncertain | Z12: Priority 2 (flagged as uncertain)
A13: α (size=0,2) | I13: =SUM(D3:E3) -> 720 | K13: #Investigated | L13: #Identified faults | M13: ID rate | N13: Tot investigated | O13: Tot identified faults | X13: =SUM(S3:T3) -> 554.21 | Z13: #Investigated | AA13: #Identified faults | AB13: ID rate | AC13: Tot investigated | AD13: Tot identified faults
A14: 0.05 | B14: =B3-B8 -> 81 | C14: =C3-C8 -> 1205 | D14: =D3-D8 -> 541 | E14: =E3-E8 -> 53 | F14: =SUM(B14:E14) -> 1880 | G14: =F14/F3 -> 0.73123298 | H14: =I14/F14 -> 0.31595745 | I14: =SUM(D14:E14) -> 594 | J14: =I14/I13 -> 0.825 | K14: =SUM(B14:E14) -> 1880 | L14: =B14+E14 -> 134 | M14: =L14/K14 -> 0.071276596 | N14: =K8+K14 -> 2043 | O14: =L8+L14 -> 177 | Q14: =Q3-Q8 -> 111.04 | R14: =R3-R8 -> 361.75 | S14: =S3-S8 -> 453.26 | T14: =T3-T8 -> 20.46 | U14: =SUM(Q14:T14) -> 946.51 | V14: =U14/U3 -> 0.71112697 | W14: =X14/U14 -> 0.50049128 | X14: =SUM(S14:T14) -> 473.72 | Y14: =X14/X13 -> 0.85476624 | Z14: =SUM(Q14:T14) -> 946.51 | AA14: =Q14+T14 -> 131.5 | AB14: =AA14/Z14 -> 0.13893144 | AC14: =Z8+Z14 -> 1049.51 | AD14: =AA8+AA14 -> 158.5
A15: 0.1 | B15: =B3-B9 -> 52 | C15: =C3-C9 -> 716 | D15: =D3-D9 -> 421 | E15: =E3-E9 -> 38.34 | F15: =SUM(B15:E15) -> 1227.34 | G15: =F15/F3 -> 0.47737845 | H15: =I15/F15 -> 0.37425652 | I15: =SUM(D15:E15) -> 459.34 | J15: =I15/I13 -> 0.63797222 | K15: =SUM(B15:E15) -> 1227.34 | L15: =B15+E15 -> 90.34 | M15: =L15/K15 -> 0.073606336 | N15: =K9+K15 -> 1539.34 | O15: =L9+L15 -> 162.34 | Q15: =Q3-Q9 -> 87.04 | R15: =R3-R9 -> 218.75 | S15: =S3-S9 -> 393.26 | T15: =T3-T9 -> 16.46 | U15: =SUM(Q15:T15) -> 715.51 | V15: =U15/U3 -> 0.53757325 | W15: =X15/U15 -> 0.57262652 | X15: =SUM(S15:T15) -> 409.72 | Y15: =X15/X13 -> 0.73928655 | Z15: =SUM(Q15:T15) -> 715.51 | AA15: =Q15+T15 -> 103.5 | AB15: =AA15/Z15 -> 0.14465207 | AC15: =Z9+Z15 -> 902.51 | AD15: =AA9+AA15 -> 154.5
A16: 0.15 | B16: =B3-B10 -> 28 | C16: =C3-C10 -> 417 | D16: =D3-D10 -> 294 | E16: =E3-E10 -> 22 | F16: =SUM(B16:E16) -> 761 | G16: =F16/F3 -> 0.29599378 | H16: =I16/F16 -> 0.4152431 | I16: =SUM(D16:E16) -> 316 | J16: =I16/I13 -> 0.43888889 | K16: =SUM(B16:E16) -> 761 | L16: =B16+E16 -> 50 | M16: =L16/K16 -> 0.065703022 | N16: =K10+K16 -> 1224 | O16: =L10+L16 -> 146 | Q16: =Q3-Q10 -> 65.04 | R16: =R3-R10 -> 200.75 | S16: =S3-S10 -> 318.26 | T16: =T3-T10 -> 16.95 | U16: =SUM(Q16:T16) -> 601 | V16: =U16/U3 -> 0.4515402 | W16: =X16/U16 -> 0.55775374 | X16: =SUM(S16:T16) -> 335.21 | Y16: =X16/X13 -> 0.60484293 | Z16: =SUM(Q16:T16) -> 601 | AA16: =Q16+T16 -> 81.99 | AB16: =AA16/Z16 -> 0.13642263 | AC16: =Z10+Z16 -> 885 | AD16: =AA10+AA16 -> 154.99
